,color,x,y,inner,partcode
415,15,360.0,0.0, 0 1 0 0 0 1 0 0 0 1 ,60479.dat
416,15,360.0,8.0, 0 1 0 0 0 1 0 0 0 1 ,60479.dat
566,15,460.0,16.0, 0 1 0 0 0 1 0 0 0 1 ,60479.dat
569,15,460.0,424.0, 0 1 0 0 0 1 0 0 0 1 ,60479.dat
578,15,480.0,24.0, 0 1 0 0 0 1 0 0 0 1 ,60479.dat
580,15,480.0,344.0, 0 1 0 0 0 1 0 0 0 1 ,60479.dat
35,15,100.0,488.0, 0 1 0 0 0 1 0 0 0 1 ,4477.dat
257,4,260.0,128.0, 0 1 0 0 0 1 0 0 0 1 ,4477.dat
579,15,480.0,32.0, 0 1 0 0 0 1 0 0 0 1 ,4477.dat
590,15,500.0,40.0, 0 1 0 0 0 1 0 0 0 1 ,4477.dat
19,15,80.0,96.0, 0 1 0 0 0 1 0 0 0 1 ,3460.dat
20,15,80.0,104.0, 0 1 0 0 0 1 0 0 0 1 ,3460.dat
25,15,80.0,456.0, 0 1 0 0 0 1 0 0 0 1 ,3460.dat
544,4,440.0,576.0, 0 1 0 0 0 1 0 0 0 1 ,3460.dat
591,15,500.0,48.0, 0 1 0 0 0 1 0 0 0 1 ,3460.dat
605,15,520.0,336.0, 0 1 0 0 0 1 0 0 0 1 ,3460.dat
612,19,520.0,536.0, 0 1 0 0 0 1 0 0 0 1 ,3460.dat
14,15,60.0,352.0, 0 1 0 0 0 1 0 0 0 1 ,3666.dat
256,4,260.0,120.0, 0 1 0 0 0 1 0 0 0 1 ,3666.dat
362,4,320.0,616.0, 0 1 0 0 0 1 0 0 0 1 ,3666.dat
363,4,320.0,624.0, 0 1 0 0 0 1 0 0 0 1 ,3666.dat
385,19,340.0,208.0, 0 1 0 0 0 1 0 0 0 1 ,3666.dat
386,19,340.0,216.0, 0 1 0 0 0 1 0 0 0 1 ,3666.dat
392,4,340.0,608.0, 0 1 0 0 0 1 0 0 0 1 ,3666.dat
419,19,360.0,456.0, 0 1 0 0 0 1 0 0 0 1 ,3666.dat
420,19,360.0,464.0, 0 1 0 0 0 1 0 0 0 1 ,3666.dat
478,4,400.0,584.0, 0 1 0 0 0 1 0 0 0 1 ,3666.dat
601,15,520.0,200.0, 0 1 0 0 0 1 0 0 0 1 ,3666.dat
602,15,520.0,264.0, 0 1 0 0 0 1 0 0 0 1 ,3666.dat
604,15,520.0,328.0, 0 1 0 0 0 1 0 0 0 1 ,3666.dat
609,15,520.0,480.0, 0 1 0 0 0 1 0 0 0 1 ,3666.dat
610,15,520.0,488.0, 0 1 0 0 0 1 0 0 0 1 ,3666.dat
620,15,540.0,0.0, 0 1 0 0 0 1 0 0 0 1 ,3666.dat
621,15,540.0,8.0, 0 1 0 0 0 1 0 0 0 1 ,3666.dat
624,15,540.0,256.0, 0 1 0 0 0 1 0 0 0 1 ,3666.dat
626,15,540.0,296.0, 0 1 0 0 0 1 0 0 0 1 ,3666.dat
627,15,540.0,496.0, 0 1 0 0 0 1 0 0 0 1 ,3666.dat
628,15,540.0,512.0, 0 1 0 0 0 1 0 0 0 1 ,3666.dat
36,320,100.0,624.0, 0 1 0 0 0 1 0 0 0 1 ,3710.dat
61,320,140.0,608.0, 0 1 0 0 0 1 0 0 0 1 ,3710.dat
85,4,160.0,152.0, 0 1 0 0 0 1 0 0 0 1 ,3710.dat
119,4,180.0,136.0, 0 1 0 0 0 1 0 0 0 1 ,3710.dat
120,4,180.0,144.0, 0 1 0 0 0 1 0 0 0 1 ,3710.dat
151,70,200.0,208.0, 0 1 0 0 0 1 0 0 0 1 ,3710.dat
178,70,220.0,248.0, 0 1 0 0 0 1 0 0 0 1 ,3710.dat
211,320,240.0,48.0, 0 1 0 0 0 1 0 0 0 1 ,3710.dat
213,70,240.0,232.0, 0 1 0 0 0 1 0 0 0 1 ,3710.dat
253,320,260.0,40.0, 0 1 0 0 0 1 0 0 0 1 ,3710.dat
255,30,260.0,112.0, 0 1 0 0 0 1 0 0 0 1 ,3710.dat
259,72,260.0,560.0, 0 1 0 0 0 1 0 0 0 1 ,3710.dat
294,320,280.0,136.0, 0 1 0 0 0 1 0 0 0 1 ,3710.dat
322,19,300.0,400.0, 0 1 0 0 0 1 0 0 0 1 ,3710.dat
324,19,300.0,496.0, 0 1 0 0 0 1 0 0 0 1 ,3710.dat
325,19,300.0,504.0, 0 1 0 0 0 1 0 0 0 1 ,3710.dat
345,4,320.0,88.0, 0 1 0 0 0 1 0 0 0 1 ,3710.dat
346,4,320.0,96.0, 0 1 0 0 0 1 0 0 0 1 ,3710.dat
348,28,320.0,160.0, 0 1 0 0 0 1 0 0 0 1 ,3710.dat
349,28,320.0,168.0, 0 1 0 0 0 1 0 0 0 1 ,3710.dat
351,19,320.0,224.0, 0 1 0 0 0 1 0 0 0 1 ,3710.dat
352,19,320.0,288.0, 0 1 0 0 0 1 0 0 0 1 ,3710.dat
355,19,320.0,352.0, 0 1 0 0 0 1 0 0 0 1 ,3710.dat
356,19,320.0,360.0, 0 1 0 0 0 1 0 0 0 1 ,3710.dat
358,19,320.0,408.0, 0 1 0 0 0 1 0 0 0 1 ,3710.dat
359,19,320.0,416.0, 0 1 0 0 0 1 0 0 0 1 ,3710.dat
360,19,320.0,440.0, 0 1 0 0 0 1 0 0 0 1 ,3710.dat
391,4,340.0,600.0, 0 1 0 0 0 1 0 0 0 1 ,3710.dat
417,4,360.0,104.0, 0 1 0 0 0 1 0 0 0 1 ,3710.dat
418,4,360.0,136.0, 0 1 0 0 0 1 0 0 0 1 ,3710.dat
421,4,360.0,592.0, 0 1 0 0 0 1 0 0 0 1 ,3710.dat
439,4,380.0,64.0, 0 1 0 0 0 1 0 0 0 1 ,3710.dat
475,15,400.0,312.0, 0 1 0 0 0 1 0 0 0 1 ,3710.dat
477,4,400.0,568.0, 0 1 0 0 0 1 0 0 0 1 ,3710.dat
588,320,480.0,624.0, 0 1 0 0 0 1 0 0 0 1 ,3710.dat
611,15,520.0,528.0, 0 1 0 0 0 1 0 0 0 1 ,3710.dat
629,15,540.0,520.0, 0 1 0 0 0 1 0 0 0 1 ,3710.dat
630,19,540.0,544.0, 0 1 0 0 0 1 0 0 0 1 ,3710.dat
639,15,560.0,504.0, 0 1 0 0 0 1 0 0 0 1 ,3710.dat
640,4,560.0,616.0, 0 1 0 0 0 1 0 0 0 1 ,3710.dat
1,15,30.0,616.0, 0 1 0 0 0 1 0 0 0 1 ,3623.dat
42,320,110.0,616.0, 0 1 0 0 0 1 0 0 0 1 ,3623.dat
65,4,150.0,160.0, 0 1 0 0 0 1 0 0 0 1 ,3623.dat
82,320,150.0,600.0, 0 1 0 0 0 1 0 0 0 1 ,3623.dat
115,320,170.0,592.0, 0 1 0 0 0 1 0 0 0 1 ,3623.dat
129,72,190.0,216.0, 0 1 0 0 0 1 0 0 0 1 ,3623.dat
162,70,210.0,256.0, 0 1 0 0 0 1 0 0 0 1 ,3623.dat
164,72,210.0,368.0, 0 1 0 0 0 1 0 0 0 1 ,3623.dat
202,72,230.0,408.0, 0 1 0 0 0 1 0 0 0 1 ,3623.dat
205,72,230.0,520.0, 0 1 0 0 0 1 0 0 0 1 ,3623.dat
206,70,230.0,576.0, 0 1 0 0 0 1 0 0 0 1 ,3623.dat
222,320,250.0,88.0, 0 1 0 0 0 1 0 0 0 1 ,3623.dat
223,320,250.0,96.0, 0 1 0 0 0 1 0 0 0 1 ,3623.dat
247,70,250.0,568.0, 0 1 0 0 0 1 0 0 0 1 ,3623.dat
262,320,270.0,32.0, 0 1 0 0 0 1 0 0 0 1 ,3623.dat
315,19,290.0,528.0, 0 1 0 0 0 1 0 0 0 1 ,3623.dat
317,28,290.0,592.0, 0 1 0 0 0 1 0 0 0 1 ,3623.dat
337,19,310.0,424.0, 0 1 0 0 0 1 0 0 0 1 ,3623.dat
376,19,330.0,448.0, 0 1 0 0 0 1 0 0 0 1 ,3623.dat
394,4,350.0,56.0, 0 1 0 0 0 1 0 0 0 1 ,3623.dat
401,19,350.0,176.0, 0 1 0 0 0 1 0 0 0 1 ,3623.dat
436,19,370.0,544.0, 0 1 0 0 0 1 0 0 0 1 ,3623.dat
448,4,390.0,144.0, 0 1 0 0 0 1 0 0 0 1 ,3623.dat
455,15,390.0,304.0, 0 1 0 0 0 1 0 0 0 1 ,3623.dat
466,19,390.0,536.0, 0 1 0 0 0 1 0 0 0 1 ,3623.dat
481,4,410.0,72.0, 0 1 0 0 0 1 0 0 0 1 ,3623.dat
482,4,410.0,80.0, 0 1 0 0 0 1 0 0 0 1 ,3623.dat
532,4,430.0,504.0, 0 1 0 0 0 1 0 0 0 1 ,3623.dat
533,4,430.0,512.0, 0 1 0 0 0 1 0 0 0 1 ,3623.dat
538,320,430.0,560.0, 0 1 0 0 0 1 0 0 0 1 ,3623.dat
539,4,430.0,616.0, 0 1 0 0 0 1 0 0 0 1 ,3623.dat
557,19,450.0,256.0, 0 1 0 0 0 1 0 0 0 1 ,3623.dat
559,19,450.0,296.0, 0 1 0 0 0 1 0 0 0 1 ,3623.dat
577,19,470.0,552.0, 0 1 0 0 0 1 0 0 0 1 ,3623.dat
615,71,530.0,552.0, 0 1 0 0 0 1 0 0 0 1 ,3623.dat
637,4,550.0,608.0, 0 1 0 0 0 1 0 0 0 1 ,3623.dat
0,15,20.0,624.0, 0 1 0 0 0 1 0 0 0 1 ,3023.dat
60,4,140.0,168.0, 0 1 0 0 0 1 0 0 0 1 ,3023.dat
87,72,160.0,272.0, 0 1 0 0 0 1 0 0 0 1 ,3023.dat
88,72,160.0,280.0, 0 1 0 0 0 1 0 0 0 1 ,3023.dat
89,320,160.0,584.0, 0 1 0 0 0 1 0 0 0 1 ,3023.dat
117,70,180.0,88.0, 0 1 0 0 0 1 0 0 0 1 ,3023.dat
118,72,180.0,120.0, 0 1 0 0 0 1 0 0 0 1 ,3023.dat
122,320,180.0,616.0, 0 1 0 0 0 1 0 0 0 1 ,3023.dat
148,70,200.0,168.0, 0 1 0 0 0 1 0 0 0 1 ,3023.dat
149,70,200.0,176.0, 0 1 0 0 0 1 0 0 0 1 ,3023.dat
152,28,200.0,504.0, 0 1 0 0 0 1 0 0 0 1 ,3023.dat
175,15,220.0,24.0, 0 1 0 0 0 1 0 0 0 1 ,3023.dat
176,70,220.0,160.0, 0 1 0 0 0 1 0 0 0 1 ,3023.dat
177,70,220.0,240.0, 0 1 0 0 0 1 0 0 0 1 ,3023.dat
180,72,220.0,376.0, 0 1 0 0 0 1 0 0 0 1 ,3023.dat
181,72,220.0,416.0, 0 1 0 0 0 1 0 0 0 1 ,3023.dat
183,72,220.0,528.0, 0 1 0 0 0 1 0 0 0 1 ,3023.dat
184,28,220.0,536.0, 0 1 0 0 0 1 0 0 0 1 ,3023.dat
185,72,220.0,544.0, 0 1 0 0 0 1 0 0 0 1 ,3023.dat
186,4,220.0,592.0, 0 1 0 0 0 1 0 0 0 1 ,3023.dat
187,28,220.0,616.0, 0 1 0 0 0 1 0 0 0 1 ,3023.dat
212,70,240.0,152.0, 0 1 0 0 0 1 0 0 0 1 ,3023.dat
216,72,240.0,552.0, 0 1 0 0 0 1 0 0 0 1 ,3023.dat
254,320,260.0,80.0, 0 1 0 0 0 1 0 0 0 1 ,3023.dat
258,70,260.0,224.0, 0 1 0 0 0 1 0 0 0 1 ,3023.dat
260,28,260.0,608.0, 0 1 0 0 0 1 0 0 0 1 ,3023.dat
292,320,280.0,24.0, 0 1 0 0 0 1 0 0 0 1 ,3023.dat
293,19,280.0,104.0, 0 1 0 0 0 1 0 0 0 1 ,3023.dat
295,28,280.0,472.0, 0 1 0 0 0 1 0 0 0 1 ,3023.dat
296,28,280.0,480.0, 0 1 0 0 0 1 0 0 0 1 ,3023.dat
297,19,280.0,488.0, 0 1 0 0 0 1 0 0 0 1 ,3023.dat
298,71,280.0,544.0, 0 1 0 0 0 1 0 0 0 1 ,3023.dat
299,28,280.0,552.0, 0 1 0 0 0 1 0 0 0 1 ,3023.dat
300,4,280.0,576.0, 0 1 0 0 0 1 0 0 0 1 ,3023.dat
301,28,280.0,600.0, 0 1 0 0 0 1 0 0 0 1 ,3023.dat
318,4,300.0,16.0, 0 1 0 0 0 1 0 0 0 1 ,3023.dat
319,4,300.0,80.0, 0 1 0 0 0 1 0 0 0 1 ,3023.dat
321,19,300.0,256.0, 0 1 0 0 0 1 0 0 0 1 ,3023.dat
323,19,300.0,432.0, 0 1 0 0 0 1 0 0 0 1 ,3023.dat
326,320,300.0,568.0, 0 1 0 0 0 1 0 0 0 1 ,3023.dat
327,28,300.0,584.0, 0 1 0 0 0 1 0 0 0 1 ,3023.dat
344,4,320.0,24.0, 0 1 0 0 0 1 0 0 0 1 ,3023.dat
347,28,320.0,152.0, 0 1 0 0 0 1 0 0 0 1 ,3023.dat
361,19,320.0,512.0, 0 1 0 0 0 1 0 0 0 1 ,3023.dat
387,19,340.0,296.0, 0 1 0 0 0 1 0 0 0 1 ,3023.dat
388,19,340.0,368.0, 0 1 0 0 0 1 0 0 0 1 ,3023.dat
389,15,340.0,432.0, 0 1 0 0 0 1 0 0 0 1 ,3023.dat
440,4,380.0,112.0, 0 1 0 0 0 1 0 0 0 1 ,3023.dat
441,19,380.0,120.0, 0 1 0 0 0 1 0 0 0 1 ,3023.dat
442,19,380.0,248.0, 0 1 0 0 0 1 0 0 0 1 ,3023.dat
443,19,380.0,528.0, 0 1 0 0 0 1 0 0 0 1 ,3023.dat
471,4,400.0,152.0, 0 1 0 0 0 1 0 0 0 1 ,3023.dat
472,15,400.0,224.0, 0 1 0 0 0 1 0 0 0 1 ,3023.dat
473,15,400.0,232.0, 0 1 0 0 0 1 0 0 0 1 ,3023.dat
476,4,400.0,552.0, 0 1 0 0 0 1 0 0 0 1 ,3023.dat
500,4,420.0,88.0, 0 1 0 0 0 1 0 0 0 1 ,3023.dat
501,4,420.0,120.0, 0 1 0 0 0 1 0 0 0 1 ,3023.dat
502,19,420.0,136.0, 0 1 0 0 0 1 0 0 0 1 ,3023.dat
503,4,420.0,160.0, 0 1 0 0 0 1 0 0 0 1 ,3023.dat
504,4,420.0,168.0, 0 1 0 0 0 1 0 0 0 1 ,3023.dat
505,19,420.0,440.0, 0 1 0 0 0 1 0 0 0 1 ,3023.dat
506,4,420.0,496.0, 0 1 0 0 0 1 0 0 0 1 ,3023.dat
507,4,420.0,520.0, 0 1 0 0 0 1 0 0 0 1 ,3023.dat
508,4,420.0,624.0, 0 1 0 0 0 1 0 0 0 1 ,3023.dat
540,19,440.0,264.0, 0 1 0 0 0 1 0 0 0 1 ,3023.dat
541,19,440.0,304.0, 0 1 0 0 0 1 0 0 0 1 ,3023.dat
542,19,440.0,320.0, 0 1 0 0 0 1 0 0 0 1 ,3023.dat
543,19,440.0,328.0, 0 1 0 0 0 1 0 0 0 1 ,3023.dat
567,28,460.0,232.0, 0 1 0 0 0 1 0 0 0 1 ,3023.dat
568,28,460.0,240.0, 0 1 0 0 0 1 0 0 0 1 ,3023.dat
570,19,460.0,528.0, 0 1 0 0 0 1 0 0 0 1 ,3023.dat
571,320,460.0,568.0, 0 1 0 0 0 1 0 0 0 1 ,3023.dat
583,19,480.0,520.0, 0 1 0 0 0 1 0 0 0 1 ,3023.dat
584,378,480.0,544.0, 0 1 0 0 0 1 0 0 0 1 ,3023.dat
585,19,480.0,560.0, 0 1 0 0 0 1 0 0 0 1 ,3023.dat
586,320,480.0,584.0, 0 1 0 0 0 1 0 0 0 1 ,3023.dat
587,320,480.0,592.0, 0 1 0 0 0 1 0 0 0 1 ,3023.dat
592,19,500.0,504.0, 0 1 0 0 0 1 0 0 0 1 ,3023.dat
593,28,500.0,568.0, 0 1 0 0 0 1 0 0 0 1 ,3023.dat
613,4,520.0,584.0, 0 1 0 0 0 1 0 0 0 1 ,3023.dat
614,4,520.0,592.0, 0 1 0 0 0 1 0 0 0 1 ,3023.dat
631,4,540.0,600.0, 0 1 0 0 0 1 0 0 0 1 ,3023.dat
647,378,580.0,576.0, 0 1 0 0 0 1 0 0 0 1 ,3023.dat
648,19,580.0,592.0, 0 1 0 0 0 1 0 0 0 1 ,3023.dat
649,4,580.0,624.0, 0 1 0 0 0 1 0 0 0 1 ,3023.dat
4,19,50.0,624.0, 0 1 0 0 0 1 0 0 0 1 ,3024.dat
16,28,70.0,616.0, 0 1 0 0 0 1 0 0 0 1 ,3024.dat
30,15,90.0,592.0, 0 1 0 0 0 1 0 0 0 1 ,3024.dat
31,378,90.0,600.0, 0 1 0 0 0 1 0 0 0 1 ,3024.dat
32,70,90.0,608.0, 0 1 0 0 0 1 0 0 0 1 ,3024.dat
37,15,110.0,160.0, 0 1 0 0 0 1 0 0 0 1 ,3024.dat
38,19,110.0,168.0, 0 1 0 0 0 1 0 0 0 1 ,3024.dat
39,19,110.0,176.0, 0 1 0 0 0 1 0 0 0 1 ,3024.dat
40,71,110.0,592.0, 0 1 0 0 0 1 0 0 0 1 ,3024.dat
41,70,110.0,600.0, 0 1 0 0 0 1 0 0 0 1 ,3024.dat
45,19,130.0,136.0, 0 1 0 0 0 1 0 0 0 1 ,3024.dat
46,28,130.0,144.0, 0 1 0 0 0 1 0 0 0 1 ,3024.dat
49,28,130.0,224.0, 0 1 0 0 0 1 0 0 0 1 ,3024.dat
50,71,130.0,232.0, 0 1 0 0 0 1 0 0 0 1 ,3024.dat
56,15,130.0,568.0, 0 1 0 0 0 1 0 0 0 1 ,3024.dat
57,15,130.0,576.0, 0 1 0 0 0 1 0 0 0 1 ,3024.dat
58,71,130.0,584.0, 0 1 0 0 0 1 0 0 0 1 ,3024.dat
59,72,130.0,592.0, 0 1 0 0 0 1 0 0 0 1 ,3024.dat
62,19,150.0,112.0, 0 1 0 0 0 1 0 0 0 1 ,3024.dat
63,19,150.0,120.0, 0 1 0 0 0 1 0 0 0 1 ,3024.dat
64,28,150.0,128.0, 0 1 0 0 0 1 0 0 0 1 ,3024.dat
66,4,150.0,176.0, 0 1 0 0 0 1 0 0 0 1 ,3024.dat
67,320,150.0,184.0, 0 1 0 0 0 1 0 0 0 1 ,3024.dat
68,320,150.0,192.0, 0 1 0 0 0 1 0 0 0 1 ,3024.dat
69,0,150.0,200.0, 0 1 0 0 0 1 0 0 0 1 ,3024.dat
70,0,150.0,208.0, 0 1 0 0 0 1 0 0 0 1 ,3024.dat
72,70,150.0,240.0, 0 1 0 0 0 1 0 0 0 1 ,3024.dat
74,72,150.0,312.0, 0 1 0 0 0 1 0 0 0 1 ,3024.dat
75,72,150.0,320.0, 0 1 0 0 0 1 0 0 0 1 ,3024.dat
76,28,150.0,328.0, 0 1 0 0 0 1 0 0 0 1 ,3024.dat
77,71,150.0,336.0, 0 1 0 0 0 1 0 0 0 1 ,3024.dat
78,71,150.0,344.0, 0 1 0 0 0 1 0 0 0 1 ,3024.dat
79,19,150.0,352.0, 0 1 0 0 0 1 0 0 0 1 ,3024.dat
80,19,150.0,568.0, 0 1 0 0 0 1 0 0 0 1 ,3024.dat
81,28,150.0,576.0, 0 1 0 0 0 1 0 0 0 1 ,3024.dat
83,70,150.0,616.0, 0 1 0 0 0 1 0 0 0 1 ,3024.dat
84,320,150.0,624.0, 0 1 0 0 0 1 0 0 0 1 ,3024.dat
90,15,170.0,48.0, 0 1 0 0 0 1 0 0 0 1 ,3024.dat
91,15,170.0,56.0, 0 1 0 0 0 1 0 0 0 1 ,3024.dat
92,71,170.0,64.0, 0 1 0 0 0 1 0 0 0 1 ,3024.dat
93,28,170.0,72.0, 0 1 0 0 0 1 0 0 0 1 ,3024.dat
94,72,170.0,80.0, 0 1 0 0 0 1 0 0 0 1 ,3024.dat
95,320,170.0,96.0, 0 1 0 0 0 1 0 0 0 1 ,3024.dat
96,320,170.0,104.0, 0 1 0 0 0 1 0 0 0 1 ,3024.dat
97,70,170.0,112.0, 0 1 0 0 0 1 0 0 0 1 ,3024.dat
98,320,170.0,168.0, 0 1 0 0 0 1 0 0 0 1 ,3024.dat
99,320,170.0,176.0, 0 1 0 0 0 1 0 0 0 1 ,3024.dat
107,15,170.0,456.0, 0 1 0 0 0 1 0 0 0 1 ,3024.dat
109,15,170.0,520.0, 0 1 0 0 0 1 0 0 0 1 ,3024.dat
110,71,170.0,528.0, 0 1 0 0 0 1 0 0 0 1 ,3024.dat
111,28,170.0,536.0, 0 1 0 0 0 1 0 0 0 1 ,3024.dat
112,72,170.0,544.0, 0 1 0 0 0 1 0 0 0 1 ,3024.dat
113,70,170.0,552.0, 0 1 0 0 0 1 0 0 0 1 ,3024.dat
116,72,170.0,624.0, 0 1 0 0 0 1 0 0 0 1 ,3024.dat
123,71,190.0,48.0, 0 1 0 0 0 1 0 0 0 1 ,3024.dat
124,70,190.0,80.0, 0 1 0 0 0 1 0 0 0 1 ,3024.dat
125,72,190.0,96.0, 0 1 0 0 0 1 0 0 0 1 ,3024.dat
126,70,190.0,104.0, 0 1 0 0 0 1 0 0 0 1 ,3024.dat
127,72,190.0,112.0, 0 1 0 0 0 1 0 0 0 1 ,3024.dat
128,320,190.0,160.0, 0 1 0 0 0 1 0 0 0 1 ,3024.dat
130,70,190.0,288.0, 0 1 0 0 0 1 0 0 0 1 ,3024.dat
135,28,190.0,400.0, 0 1 0 0 0 1 0 0 0 1 ,3024.dat
136,71,190.0,408.0, 0 1 0 0 0 1 0 0 0 1 ,3024.dat
139,19,190.0,496.0, 0 1 0 0 0 1 0 0 0 1 ,3024.dat
141,70,190.0,536.0, 0 1 0 0 0 1 0 0 0 1 ,3024.dat
144,70,190.0,600.0, 0 1 0 0 0 1 0 0 0 1 ,3024.dat
145,72,190.0,608.0, 0 1 0 0 0 1 0 0 0 1 ,3024.dat
146,320,190.0,624.0, 0 1 0 0 0 1 0 0 0 1 ,3024.dat
153,15,210.0,32.0, 0 1 0 0 0 1 0 0 0 1 ,3024.dat
154,28,210.0,40.0, 0 1 0 0 0 1 0 0 0 1 ,3024.dat
155,72,210.0,80.0, 0 1 0 0 0 1 0 0 0 1 ,3024.dat
156,72,210.0,88.0, 0 1 0 0 0 1 0 0 0 1 ,3024.dat
157,70,210.0,96.0, 0 1 0 0 0 1 0 0 0 1 ,3024.dat
158,320,210.0,104.0, 0 1 0 0 0 1 0 0 0 1 ,3024.dat
159,28,210.0,112.0, 0 1 0 0 0 1 0 0 0 1 ,3024.dat
160,320,210.0,152.0, 0 1 0 0 0 1 0 0 0 1 ,3024.dat
161,72,210.0,224.0, 0 1 0 0 0 1 0 0 0 1 ,3024.dat
163,72,210.0,360.0, 0 1 0 0 0 1 0 0 0 1 ,3024.dat
168,28,210.0,496.0, 0 1 0 0 0 1 0 0 0 1 ,3024.dat
169,72,210.0,512.0, 0 1 0 0 0 1 0 0 0 1 ,3024.dat
171,70,210.0,584.0, 0 1 0 0 0 1 0 0 0 1 ,3024.dat
172,297,210.0,600.0, 0 1 0 0 0 1 0 0 0 1 ,3024.dat
173,320,210.0,608.0, 0 1 0 0 0 1 0 0 0 1 ,3024.dat
174,70,210.0,624.0, 0 1 0 0 0 1 0 0 0 1 ,3024.dat
188,72,230.0,32.0, 0 1 0 0 0 1 0 0 0 1 ,3024.dat
189,70,230.0,56.0, 0 1 0 0 0 1 0 0 0 1 ,3024.dat
191,72,230.0,104.0, 0 1 0 0 0 1 0 0 0 1 ,3024.dat
192,4,230.0,136.0, 0 1 0 0 0 1 0 0 0 1 ,3024.dat
193,320,230.0,144.0, 0 1 0 0 0 1 0 0 0 1 ,3024.dat
194,320,230.0,168.0, 0 1 0 0 0 1 0 0 0 1 ,3024.dat
195,320,230.0,176.0, 0 1 0 0 0 1 0 0 0 1 ,3024.dat
196,28,230.0,216.0, 0 1 0 0 0 1 0 0 0 1 ,3024.dat
197,28,230.0,224.0, 0 1 0 0 0 1 0 0 0 1 ,3024.dat
200,70,230.0,360.0, 0 1 0 0 0 1 0 0 0 1 ,3024.dat
207,320,230.0,584.0, 0 1 0 0 0 1 0 0 0 1 ,3024.dat
208,28,230.0,600.0, 0 1 0 0 0 1 0 0 0 1 ,3024.dat
209,71,230.0,608.0, 0 1 0 0 0 1 0 0 0 1 ,3024.dat
210,28,230.0,624.0, 0 1 0 0 0 1 0 0 0 1 ,3024.dat
217,15,250.0,16.0, 0 1 0 0 0 1 0 0 0 1 ,3024.dat
218,28,250.0,24.0, 0 1 0 0 0 1 0 0 0 1 ,3024.dat
219,320,250.0,56.0, 0 1 0 0 0 1 0 0 0 1 ,3024.dat
220,28,250.0,64.0, 0 1 0 0 0 1 0 0 0 1 ,3024.dat
221,71,250.0,72.0, 0 1 0 0 0 1 0 0 0 1 ,3024.dat
224,30,250.0,104.0, 0 1 0 0 0 1 0 0 0 1 ,3024.dat
225,70,250.0,144.0, 0 1 0 0 0 1 0 0 0 1 ,3024.dat
226,297,250.0,160.0, 0 1 0 0 0 1 0 0 0 1 ,3024.dat
227,297,250.0,168.0, 0 1 0 0 0 1 0 0 0 1 ,3024.dat
228,297,250.0,176.0, 0 1 0 0 0 1 0 0 0 1 ,3024.dat
229,297,250.0,184.0, 0 1 0 0 0 1 0 0 0 1 ,3024.dat
230,28,250.0,192.0, 0 1 0 0 0 1 0 0 0 1 ,3024.dat
231,28,250.0,200.0, 0 1 0 0 0 1 0 0 0 1 ,3024.dat
232,72,250.0,208.0, 0 1 0 0 0 1 0 0 0 1 ,3024.dat
233,72,250.0,216.0, 0 1 0 0 0 1 0 0 0 1 ,3024.dat
234,0,250.0,240.0, 0 1 0 0 0 1 0 0 0 1 ,3024.dat
235,0,250.0,256.0, 0 1 0 0 0 1 0 0 0 1 ,3024.dat
236,72,250.0,360.0, 0 1 0 0 0 1 0 0 0 1 ,3024.dat
238,72,250.0,392.0, 0 1 0 0 0 1 0 0 0 1 ,3024.dat
239,297,250.0,400.0, 0 1 0 0 0 1 0 0 0 1 ,3024.dat
241,72,250.0,440.0, 0 1 0 0 0 1 0 0 0 1 ,3024.dat
244,28,250.0,528.0, 0 1 0 0 0 1 0 0 0 1 ,3024.dat
245,71,250.0,536.0, 0 1 0 0 0 1 0 0 0 1 ,3024.dat
246,28,250.0,544.0, 0 1 0 0 0 1 0 0 0 1 ,3024.dat
248,4,250.0,584.0, 0 1 0 0 0 1 0 0 0 1 ,3024.dat
249,297,250.0,592.0, 0 1 0 0 0 1 0 0 0 1 ,3024.dat
250,19,250.0,600.0, 0 1 0 0 0 1 0 0 0 1 ,3024.dat
251,71,250.0,616.0, 0 1 0 0 0 1 0 0 0 1 ,3024.dat
252,320,250.0,624.0, 0 1 0 0 0 1 0 0 0 1 ,3024.dat
261,71,270.0,16.0, 0 1 0 0 0 1 0 0 0 1 ,3024.dat
264,297,270.0,144.0, 0 1 0 0 0 1 0 0 0 1 ,3024.dat
265,297,270.0,152.0, 0 1 0 0 0 1 0 0 0 1 ,3024.dat
266,297,270.0,160.0, 0 1 0 0 0 1 0 0 0 1 ,3024.dat
267,297,270.0,168.0, 0 1 0 0 0 1 0 0 0 1 ,3024.dat
268,326,270.0,176.0, 0 1 0 0 0 1 0 0 0 1 ,3024.dat
269,28,270.0,208.0, 0 1 0 0 0 1 0 0 0 1 ,3024.dat
270,297,270.0,216.0, 0 1 0 0 0 1 0 0 0 1 ,3024.dat
273,70,270.0,288.0, 0 1 0 0 0 1 0 0 0 1 ,3024.dat
274,72,270.0,296.0, 0 1 0 0 0 1 0 0 0 1 ,3024.dat
275,28,270.0,304.0, 0 1 0 0 0 1 0 0 0 1 ,3024.dat
276,70,270.0,336.0, 0 1 0 0 0 1 0 0 0 1 ,3024.dat
277,72,270.0,344.0, 0 1 0 0 0 1 0 0 0 1 ,3024.dat
278,297,270.0,352.0, 0 1 0 0 0 1 0 0 0 1 ,3024.dat
279,297,270.0,360.0, 0 1 0 0 0 1 0 0 0 1 ,3024.dat
280,70,270.0,368.0, 0 1 0 0 0 1 0 0 0 1 ,3024.dat
281,297,270.0,376.0, 0 1 0 0 0 1 0 0 0 1 ,3024.dat
282,28,270.0,384.0, 0 1 0 0 0 1 0 0 0 1 ,3024.dat
283,28,270.0,392.0, 0 1 0 0 0 1 0 0 0 1 ,3024.dat
286,28,270.0,456.0, 0 1 0 0 0 1 0 0 0 1 ,3024.dat
287,297,270.0,464.0, 0 1 0 0 0 1 0 0 0 1 ,3024.dat
288,19,270.0,512.0, 0 1 0 0 0 1 0 0 0 1 ,3024.dat
289,71,270.0,520.0, 0 1 0 0 0 1 0 0 0 1 ,3024.dat
290,19,270.0,536.0, 0 1 0 0 0 1 0 0 0 1 ,3024.dat
291,297,270.0,584.0, 0 1 0 0 0 1 0 0 0 1 ,3024.dat
302,320,290.0,48.0, 0 1 0 0 0 1 0 0 0 1 ,3024.dat
303,28,290.0,56.0, 0 1 0 0 0 1 0 0 0 1 ,3024.dat
304,71,290.0,64.0, 0 1 0 0 0 1 0 0 0 1 ,3024.dat
305,28,290.0,72.0, 0 1 0 0 0 1 0 0 0 1 ,3024.dat
306,297,290.0,144.0, 0 1 0 0 0 1 0 0 0 1 ,3024.dat
307,297,290.0,152.0, 0 1 0 0 0 1 0 0 0 1 ,3024.dat
308,28,290.0,176.0, 0 1 0 0 0 1 0 0 0 1 ,3024.dat
310,19,290.0,296.0, 0 1 0 0 0 1 0 0 0 1 ,3024.dat
311,297,290.0,368.0, 0 1 0 0 0 1 0 0 0 1 ,3024.dat
313,28,290.0,512.0, 0 1 0 0 0 1 0 0 0 1 ,3024.dat
314,19,290.0,520.0, 0 1 0 0 0 1 0 0 0 1 ,3024.dat
316,378,290.0,536.0, 0 1 0 0 0 1 0 0 0 1 ,3024.dat
328,30,310.0,56.0, 0 1 0 0 0 1 0 0 0 1 ,3024.dat
329,28,310.0,64.0, 0 1 0 0 0 1 0 0 0 1 ,3024.dat
330,30,310.0,72.0, 0 1 0 0 0 1 0 0 0 1 ,3024.dat
331,30,310.0,104.0, 0 1 0 0 0 1 0 0 0 1 ,3024.dat
332,30,310.0,112.0, 0 1 0 0 0 1 0 0 0 1 ,3024.dat
333,297,310.0,144.0, 0 1 0 0 0 1 0 0 0 1 ,3024.dat
334,326,310.0,176.0, 0 1 0 0 0 1 0 0 0 1 ,3024.dat
335,15,310.0,296.0, 0 1 0 0 0 1 0 0 0 1 ,3024.dat
336,28,310.0,368.0, 0 1 0 0 0 1 0 0 0 1 ,3024.dat
338,15,310.0,520.0, 0 1 0 0 0 1 0 0 0 1 ,3024.dat
339,71,310.0,536.0, 0 1 0 0 0 1 0 0 0 1 ,3024.dat
340,28,310.0,544.0, 0 1 0 0 0 1 0 0 0 1 ,3024.dat
341,70,310.0,552.0, 0 1 0 0 0 1 0 0 0 1 ,3024.dat
342,70,310.0,560.0, 0 1 0 0 0 1 0 0 0 1 ,3024.dat
343,70,310.0,576.0, 0 1 0 0 0 1 0 0 0 1 ,3024.dat
364,19,330.0,16.0, 0 1 0 0 0 1 0 0 0 1 ,3024.dat
365,19,330.0,64.0, 0 1 0 0 0 1 0 0 0 1 ,3024.dat
366,19,330.0,72.0, 0 1 0 0 0 1 0 0 0 1 ,3024.dat
367,28,330.0,80.0, 0 1 0 0 0 1 0 0 0 1 ,3024.dat
368,15,330.0,112.0, 0 1 0 0 0 1 0 0 0 1 ,3024.dat
369,4,330.0,120.0, 0 1 0 0 0 1 0 0 0 1 ,3024.dat
370,297,330.0,144.0, 0 1 0 0 0 1 0 0 0 1 ,3024.dat
371,28,330.0,232.0, 0 1 0 0 0 1 0 0 0 1 ,3024.dat
372,28,330.0,240.0, 0 1 0 0 0 1 0 0 0 1 ,3024.dat
373,326,330.0,248.0, 0 1 0 0 0 1 0 0 0 1 ,3024.dat
374,28,330.0,256.0, 0 1 0 0 0 1 0 0 0 1 ,3024.dat
377,19,330.0,520.0, 0 1 0 0 0 1 0 0 0 1 ,3024.dat
378,72,330.0,528.0, 0 1 0 0 0 1 0 0 0 1 ,3024.dat
379,70,330.0,536.0, 0 1 0 0 0 1 0 0 0 1 ,3024.dat
380,320,330.0,544.0, 0 1 0 0 0 1 0 0 0 1 ,3024.dat
381,297,330.0,552.0, 0 1 0 0 0 1 0 0 0 1 ,3024.dat
382,71,330.0,560.0, 0 1 0 0 0 1 0 0 0 1 ,3024.dat
393,28,350.0,24.0, 0 1 0 0 0 1 0 0 0 1 ,3024.dat
395,30,350.0,72.0, 0 1 0 0 0 1 0 0 0 1 ,3024.dat
396,71,350.0,80.0, 0 1 0 0 0 1 0 0 0 1 ,3024.dat
397,19,350.0,112.0, 0 1 0 0 0 1 0 0 0 1 ,3024.dat
398,28,350.0,120.0, 0 1 0 0 0 1 0 0 0 1 ,3024.dat
399,320,350.0,144.0, 0 1 0 0 0 1 0 0 0 1 ,3024.dat
400,297,350.0,152.0, 0 1 0 0 0 1 0 0 0 1 ,3024.dat
402,72,350.0,232.0, 0 1 0 0 0 1 0 0 0 1 ,3024.dat
403,72,350.0,240.0, 0 1 0 0 0 1 0 0 0 1 ,3024.dat
404,28,350.0,248.0, 0 1 0 0 0 1 0 0 0 1 ,3024.dat
405,19,350.0,256.0, 0 1 0 0 0 1 0 0 0 1 ,3024.dat
406,19,350.0,400.0, 0 1 0 0 0 1 0 0 0 1 ,3024.dat
407,19,350.0,496.0, 0 1 0 0 0 1 0 0 0 1 ,3024.dat
408,19,350.0,504.0, 0 1 0 0 0 1 0 0 0 1 ,3024.dat
409,28,350.0,512.0, 0 1 0 0 0 1 0 0 0 1 ,3024.dat
410,297,350.0,520.0, 0 1 0 0 0 1 0 0 0 1 ,3024.dat
411,28,350.0,528.0, 0 1 0 0 0 1 0 0 0 1 ,3024.dat
412,297,350.0,536.0, 0 1 0 0 0 1 0 0 0 1 ,3024.dat
414,297,350.0,576.0, 0 1 0 0 0 1 0 0 0 1 ,3024.dat
423,4,370.0,96.0, 0 1 0 0 0 1 0 0 0 1 ,3024.dat
424,4,370.0,128.0, 0 1 0 0 0 1 0 0 0 1 ,3024.dat
425,320,370.0,152.0, 0 1 0 0 0 1 0 0 0 1 ,3024.dat
426,297,370.0,160.0, 0 1 0 0 0 1 0 0 0 1 ,3024.dat
427,28,370.0,168.0, 0 1 0 0 0 1 0 0 0 1 ,3024.dat
432,297,370.0,496.0, 0 1 0 0 0 1 0 0 0 1 ,3024.dat
433,297,370.0,504.0, 0 1 0 0 0 1 0 0 0 1 ,3024.dat
434,4,370.0,512.0, 0 1 0 0 0 1 0 0 0 1 ,3024.dat
435,297,370.0,520.0, 0 1 0 0 0 1 0 0 0 1 ,3024.dat
437,19,370.0,552.0, 0 1 0 0 0 1 0 0 0 1 ,3024.dat
438,30,370.0,560.0, 0 1 0 0 0 1 0 0 0 1 ,3024.dat
445,19,390.0,88.0, 0 1 0 0 0 1 0 0 0 1 ,3024.dat
446,19,390.0,96.0, 0 1 0 0 0 1 0 0 0 1 ,3024.dat
447,19,390.0,128.0, 0 1 0 0 0 1 0 0 0 1 ,3024.dat
449,320,390.0,160.0, 0 1 0 0 0 1 0 0 0 1 ,3024.dat
450,320,390.0,168.0, 0 1 0 0 0 1 0 0 0 1 ,3024.dat
451,28,390.0,176.0, 0 1 0 0 0 1 0 0 0 1 ,3024.dat
453,19,390.0,240.0, 0 1 0 0 0 1 0 0 0 1 ,3024.dat
459,19,390.0,472.0, 0 1 0 0 0 1 0 0 0 1 ,3024.dat
460,19,390.0,480.0, 0 1 0 0 0 1 0 0 0 1 ,3024.dat
461,297,390.0,488.0, 0 1 0 0 0 1 0 0 0 1 ,3024.dat
462,297,390.0,496.0, 0 1 0 0 0 1 0 0 0 1 ,3024.dat
463,297,390.0,504.0, 0 1 0 0 0 1 0 0 0 1 ,3024.dat
464,297,390.0,512.0, 0 1 0 0 0 1 0 0 0 1 ,3024.dat
465,19,390.0,520.0, 0 1 0 0 0 1 0 0 0 1 ,3024.dat
467,4,390.0,560.0, 0 1 0 0 0 1 0 0 0 1 ,3024.dat
468,4,390.0,600.0, 0 1 0 0 0 1 0 0 0 1 ,3024.dat
469,320,390.0,616.0, 0 1 0 0 0 1 0 0 0 1 ,3024.dat
470,320,390.0,624.0, 0 1 0 0 0 1 0 0 0 1 ,3024.dat
479,28,410.0,48.0, 0 1 0 0 0 1 0 0 0 1 ,3024.dat
480,4,410.0,56.0, 0 1 0 0 0 1 0 0 0 1 ,3024.dat
484,15,410.0,128.0, 0 1 0 0 0 1 0 0 0 1 ,3024.dat
485,320,410.0,176.0, 0 1 0 0 0 1 0 0 0 1 ,3024.dat
486,70,410.0,184.0, 0 1 0 0 0 1 0 0 0 1 ,3024.dat
487,28,410.0,192.0, 0 1 0 0 0 1 0 0 0 1 ,3024.dat
490,15,410.0,264.0, 0 1 0 0 0 1 0 0 0 1 ,3024.dat
491,15,410.0,272.0, 0 1 0 0 0 1 0 0 0 1 ,3024.dat
492,15,410.0,432.0, 0 1 0 0 0 1 0 0 0 1 ,3024.dat
493,19,410.0,448.0, 0 1 0 0 0 1 0 0 0 1 ,3024.dat
494,297,410.0,472.0, 0 1 0 0 0 1 0 0 0 1 ,3024.dat
495,297,410.0,480.0, 0 1 0 0 0 1 0 0 0 1 ,3024.dat
496,297,410.0,488.0, 0 1 0 0 0 1 0 0 0 1 ,3024.dat
497,297,410.0,528.0, 0 1 0 0 0 1 0 0 0 1 ,3024.dat
498,4,410.0,544.0, 0 1 0 0 0 1 0 0 0 1 ,3024.dat
509,19,430.0,56.0, 0 1 0 0 0 1 0 0 0 1 ,3024.dat
510,19,430.0,64.0, 0 1 0 0 0 1 0 0 0 1 ,3024.dat
512,4,430.0,128.0, 0 1 0 0 0 1 0 0 0 1 ,3024.dat
513,19,430.0,144.0, 0 1 0 0 0 1 0 0 0 1 ,3024.dat
514,28,430.0,152.0, 0 1 0 0 0 1 0 0 0 1 ,3024.dat
516,72,430.0,200.0, 0 1 0 0 0 1 0 0 0 1 ,3024.dat
517,28,430.0,208.0, 0 1 0 0 0 1 0 0 0 1 ,3024.dat
518,71,430.0,216.0, 0 1 0 0 0 1 0 0 0 1 ,3024.dat
520,19,430.0,248.0, 0 1 0 0 0 1 0 0 0 1 ,3024.dat
521,19,430.0,336.0, 0 1 0 0 0 1 0 0 0 1 ,3024.dat
522,15,430.0,352.0, 0 1 0 0 0 1 0 0 0 1 ,3024.dat
523,19,430.0,360.0, 0 1 0 0 0 1 0 0 0 1 ,3024.dat
524,19,430.0,368.0, 0 1 0 0 0 1 0 0 0 1 ,3024.dat
525,19,430.0,432.0, 0 1 0 0 0 1 0 0 0 1 ,3024.dat
526,297,430.0,448.0, 0 1 0 0 0 1 0 0 0 1 ,3024.dat
527,297,430.0,456.0, 0 1 0 0 0 1 0 0 0 1 ,3024.dat
528,297,430.0,464.0, 0 1 0 0 0 1 0 0 0 1 ,3024.dat
529,297,430.0,472.0, 0 1 0 0 0 1 0 0 0 1 ,3024.dat
530,297,430.0,480.0, 0 1 0 0 0 1 0 0 0 1 ,3024.dat
531,4,430.0,488.0, 0 1 0 0 0 1 0 0 0 1 ,3024.dat
534,4,430.0,528.0, 0 1 0 0 0 1 0 0 0 1 ,3024.dat
535,297,430.0,536.0, 0 1 0 0 0 1 0 0 0 1 ,3024.dat
536,19,430.0,544.0, 0 1 0 0 0 1 0 0 0 1 ,3024.dat
537,70,430.0,552.0, 0 1 0 0 0 1 0 0 0 1 ,3024.dat
548,19,450.0,152.0, 0 1 0 0 0 1 0 0 0 1 ,3024.dat
549,19,450.0,160.0, 0 1 0 0 0 1 0 0 0 1 ,3024.dat
550,30,450.0,168.0, 0 1 0 0 0 1 0 0 0 1 ,3024.dat
551,28,450.0,176.0, 0 1 0 0 0 1 0 0 0 1 ,3024.dat
552,297,450.0,184.0, 0 1 0 0 0 1 0 0 0 1 ,3024.dat
554,70,450.0,216.0, 0 1 0 0 0 1 0 0 0 1 ,3024.dat
555,72,450.0,224.0, 0 1 0 0 0 1 0 0 0 1 ,3024.dat
556,71,450.0,248.0, 0 1 0 0 0 1 0 0 0 1 ,3024.dat
560,19,450.0,312.0, 0 1 0 0 0 1 0 0 0 1 ,3024.dat
561,19,450.0,480.0, 0 1 0 0 0 1 0 0 0 1 ,3024.dat
562,297,450.0,488.0, 0 1 0 0 0 1 0 0 0 1 ,3024.dat
563,297,450.0,496.0, 0 1 0 0 0 1 0 0 0 1 ,3024.dat
564,28,450.0,520.0, 0 1 0 0 0 1 0 0 0 1 ,3024.dat
565,15,450.0,544.0, 0 1 0 0 0 1 0 0 0 1 ,3024.dat
572,19,470.0,208.0, 0 1 0 0 0 1 0 0 0 1 ,3024.dat
573,19,470.0,216.0, 0 1 0 0 0 1 0 0 0 1 ,3024.dat
574,30,470.0,224.0, 0 1 0 0 0 1 0 0 0 1 ,3024.dat
575,28,470.0,248.0, 0 1 0 0 0 1 0 0 0 1 ,3024.dat
594,71,510.0,560.0, 0 1 0 0 0 1 0 0 0 1 ,3024.dat
616,19,530.0,560.0, 0 1 0 0 0 1 0 0 0 1 ,3024.dat
617,19,530.0,568.0, 0 1 0 0 0 1 0 0 0 1 ,3024.dat
618,320,530.0,576.0, 0 1 0 0 0 1 0 0 0 1 ,3024.dat
619,4,530.0,624.0, 0 1 0 0 0 1 0 0 0 1 ,3024.dat
632,71,550.0,560.0, 0 1 0 0 0 1 0 0 0 1 ,3024.dat
633,378,550.0,568.0, 0 1 0 0 0 1 0 0 0 1 ,3024.dat
634,15,550.0,576.0, 0 1 0 0 0 1 0 0 0 1 ,3024.dat
635,19,550.0,584.0, 0 1 0 0 0 1 0 0 0 1 ,3024.dat
636,297,550.0,592.0, 0 1 0 0 0 1 0 0 0 1 ,3024.dat
638,320,550.0,624.0, 0 1 0 0 0 1 0 0 0 1 ,3024.dat
641,19,570.0,528.0, 0 1 0 0 0 1 0 0 0 1 ,3024.dat
642,19,570.0,552.0, 0 1 0 0 0 1 0 0 0 1 ,3024.dat
643,378,570.0,560.0, 0 1 0 0 0 1 0 0 0 1 ,3024.dat
644,71,570.0,568.0, 0 1 0 0 0 1 0 0 0 1 ,3024.dat
645,378,570.0,584.0, 0 1 0 0 0 1 0 0 0 1 ,3024.dat
646,320,570.0,600.0, 0 1 0 0 0 1 0 0 0 1 ,3024.dat
650,15,590.0,16.0, 0 1 0 0 0 1 0 0 0 1 ,3024.dat
651,15,590.0,32.0, 0 1 0 0 0 1 0 0 0 1 ,3024.dat
652,15,590.0,48.0, 0 1 0 0 0 1 0 0 0 1 ,3024.dat
657,15,590.0,200.0, 0 1 0 0 0 1 0 0 0 1 ,3024.dat
658,15,590.0,264.0, 0 1 0 0 0 1 0 0 0 1 ,3024.dat
660,15,590.0,328.0, 0 1 0 0 0 1 0 0 0 1 ,3024.dat
661,15,590.0,424.0, 0 1 0 0 0 1 0 0 0 1 ,3024.dat
662,15,590.0,480.0, 0 1 0 0 0 1 0 0 0 1 ,3024.dat
663,15,590.0,488.0, 0 1 0 0 0 1 0 0 0 1 ,3024.dat
664,15,590.0,520.0, 0 1 0 0 0 1 0 0 0 1 ,3024.dat
665,15,590.0,528.0, 0 1 0 0 0 1 0 0 0 1 ,3024.dat
667,378,590.0,568.0, 0 1 0 0 0 1 0 0 0 1 ,3024.dat
668,71,590.0,584.0, 0 1 0 0 0 1 0 0 0 1 ,3024.dat
669,71,590.0,600.0, 0 1 0 0 0 1 0 0 0 1 ,3024.dat
670,297,590.0,608.0, 0 1 0 0 0 1 0 0 0 1 ,3024.dat
2,15,40.0,160.0, 0 1 0 0 0 1 0 0 0 1 ,3010.dat
3,15,40.0,592.0, 0 1 0 0 0 1 0 0 0 1 ,3010.dat
5,15,60.0,112.0, 0 1 0 0 0 1 0 0 0 1 ,3009.dat
6,15,60.0,136.0, 0 1 0 0 0 1 0 0 0 1 ,3009.dat
7,15,60.0,184.0, 0 1 0 0 0 1 0 0 0 1 ,3009.dat
8,15,60.0,208.0, 0 1 0 0 0 1 0 0 0 1 ,3009.dat
9,15,60.0,232.0, 0 1 0 0 0 1 0 0 0 1 ,3009.dat
10,15,60.0,256.0, 0 1 0 0 0 1 0 0 0 1 ,3009.dat
11,15,60.0,280.0, 0 1 0 0 0 1 0 0 0 1 ,3009.dat
12,15,60.0,304.0, 0 1 0 0 0 1 0 0 0 1 ,3009.dat
13,15,60.0,328.0, 0 1 0 0 0 1 0 0 0 1 ,3009.dat
15,15,60.0,568.0, 0 1 0 0 0 1 0 0 0 1 ,3009.dat
17,15,80.0,48.0, 0 1 0 0 0 1 0 0 0 1 ,3008.dat
18,15,80.0,72.0, 0 1 0 0 0 1 0 0 0 1 ,3008.dat
21,15,80.0,360.0, 0 1 0 0 0 1 0 0 0 1 ,3008.dat
22,15,80.0,384.0, 0 1 0 0 0 1 0 0 0 1 ,3008.dat
23,15,80.0,408.0, 0 1 0 0 0 1 0 0 0 1 ,3008.dat
24,15,80.0,432.0, 0 1 0 0 0 1 0 0 0 1 ,3008.dat
26,15,80.0,496.0, 0 1 0 0 0 1 0 0 0 1 ,3008.dat
27,15,80.0,520.0, 0 1 0 0 0 1 0 0 0 1 ,3008.dat
28,15,80.0,544.0, 0 1 0 0 0 1 0 0 0 1 ,3008.dat
29,15,90.0,160.0, 0 1 0 0 0 1 0 0 0 1 ,3005.dat
33,15,100.0,24.0, 0 1 0 0 0 1 0 0 0 1 ,6111.dat
34,15,100.0,464.0, 0 1 0 0 0 1 0 0 0 1 ,6111.dat
43,15,120.0,0.0, 0 1 0 0 0 1 0 0 0 1 ,6112.dat
44,15,130.0,112.0, 0 1 0 0 0 1 0 0 0 1 ,3005.dat
47,4,130.0,176.0, 0 1 0 0 0 1 0 0 0 1 ,3005.dat
48,28,130.0,200.0, 0 1 0 0 0 1 0 0 0 1 ,3005.dat
51,19,130.0,240.0, 0 1 0 0 0 1 0 0 0 1 ,3005.dat
52,19,130.0,264.0, 0 1 0 0 0 1 0 0 0 1 ,3005.dat
53,15,130.0,288.0, 0 1 0 0 0 1 0 0 0 1 ,3005.dat
54,15,130.0,312.0, 0 1 0 0 0 1 0 0 0 1 ,3005.dat
55,15,130.0,336.0, 0 1 0 0 0 1 0 0 0 1 ,3005.dat
71,70,150.0,216.0, 0 1 0 0 0 1 0 0 0 1 ,3005.dat
73,72,150.0,288.0, 0 1 0 0 0 1 0 0 0 1 ,3005.dat
86,72,160.0,248.0, 0 1 0 0 0 1 0 0 0 1 ,3004.dat
100,28,170.0,288.0, 0 1 0 0 0 1 0 0 0 1 ,3005.dat
101,28,170.0,312.0, 0 1 0 0 0 1 0 0 0 1 ,3005.dat
102,28,170.0,336.0, 0 1 0 0 0 1 0 0 0 1 ,3005.dat
103,19,170.0,360.0, 0 1 0 0 0 1 0 0 0 1 ,3005.dat
104,15,170.0,384.0, 0 1 0 0 0 1 0 0 0 1 ,3005.dat
105,15,170.0,408.0, 0 1 0 0 0 1 0 0 0 1 ,3005.dat
106,15,170.0,432.0, 0 1 0 0 0 1 0 0 0 1 ,3005.dat
108,15,170.0,496.0, 0 1 0 0 0 1 0 0 0 1 ,3005.dat
114,320,170.0,560.0, 0 1 0 0 0 1 0 0 0 1 ,3005.dat
121,72,180.0,224.0, 0 1 0 0 0 1 0 0 0 1 ,3004.dat
131,72,190.0,296.0, 0 1 0 0 0 1 0 0 0 1 ,3005.dat
132,72,190.0,320.0, 0 1 0 0 0 1 0 0 0 1 ,3005.dat
133,72,190.0,344.0, 0 1 0 0 0 1 0 0 0 1 ,3005.dat
134,28,190.0,376.0, 0 1 0 0 0 1 0 0 0 1 ,3005.dat
137,19,190.0,416.0, 0 1 0 0 0 1 0 0 0 1 ,3005.dat
138,19,190.0,440.0, 0 1 0 0 0 1 0 0 0 1 ,3005.dat
140,70,190.0,512.0, 0 1 0 0 0 1 0 0 0 1 ,3005.dat
142,0,190.0,544.0, 0 1 0 0 0 1 0 0 0 1 ,3005.dat
143,0,190.0,568.0, 0 1 0 0 0 1 0 0 0 1 ,3005.dat
147,320,200.0,56.0, 0 1 0 0 0 1 0 0 0 1 ,3004.dat
150,70,200.0,184.0, 0 1 0 0 0 1 0 0 0 1 ,3010.dat
165,72,210.0,384.0, 0 1 0 0 0 1 0 0 0 1 ,3005.dat
166,28,210.0,424.0, 0 1 0 0 0 1 0 0 0 1 ,3005.dat
167,28,210.0,472.0, 0 1 0 0 0 1 0 0 0 1 ,3005.dat
170,70,210.0,552.0, 0 1 0 0 0 1 0 0 0 1 ,3005.dat
179,70,220.0,264.0, 0 1 0 0 0 1 0 0 0 1 ,3010.dat
182,28,220.0,448.0, 0 1 0 0 0 1 0 0 0 1 ,3004.dat
190,72,230.0,64.0, 0 1 0 0 0 1 0 0 0 1 ,3005.dat
198,70,230.0,288.0, 0 1 0 0 0 1 0 0 0 1 ,3622.dat
199,70,230.0,336.0, 0 1 0 0 0 1 0 0 0 1 ,3622.dat
201,70,230.0,384.0, 0 1 0 0 0 1 0 0 0 1 ,3005.dat
203,72,230.0,424.0, 0 1 0 0 0 1 0 0 0 1 ,3005.dat
204,72,230.0,496.0, 0 1 0 0 0 1 0 0 0 1 ,3005.dat
214,70,240.0,312.0, 0 1 0 0 0 1 0 0 0 1 ,3010.dat
215,72,240.0,472.0, 0 1 0 0 0 1 0 0 0 1 ,3004.dat
237,70,250.0,368.0, 0 1 0 0 0 1 0 0 0 1 ,3005.dat
240,70,250.0,416.0, 0 1 0 0 0 1 0 0 0 1 ,3005.dat
242,72,250.0,448.0, 0 1 0 0 0 1 0 0 0 1 ,3005.dat
243,28,250.0,496.0, 0 1 0 0 0 1 0 0 0 1 ,3005.dat
263,72,270.0,56.0, 0 1 0 0 0 1 0 0 0 1 ,3005.dat
271,70,270.0,240.0, 0 1 0 0 0 1 0 0 0 1 ,3005.dat
272,70,270.0,264.0, 0 1 0 0 0 1 0 0 0 1 ,3005.dat
284,28,270.0,408.0, 0 1 0 0 0 1 0 0 0 1 ,3005.dat
285,28,270.0,432.0, 0 1 0 0 0 1 0 0 0 1 ,3005.dat
309,28,290.0,264.0, 0 1 0 0 0 1 0 0 0 1 ,3005.dat
312,28,290.0,448.0, 0 1 0 0 0 1 0 0 0 1 ,3005.dat
320,19,300.0,232.0, 0 1 0 0 0 1 0 0 0 1 ,3004.dat
350,19,320.0,184.0, 0 1 0 0 0 1 0 0 0 1 ,3009.dat
353,19,320.0,304.0, 0 1 0 0 0 1 0 0 0 1 ,3010.dat
354,19,320.0,328.0, 0 1 0 0 0 1 0 0 0 1 ,3010.dat
357,19,320.0,376.0, 0 1 0 0 0 1 0 0 0 1 ,3010.dat
375,19,330.0,264.0, 0 1 0 0 0 1 0 0 0 1 ,3622.dat
383,19,330.0,568.0, 0 1 0 0 0 1 0 0 0 1 ,3005.dat
384,4,340.0,32.0, 0 1 0 0 0 1 0 0 0 1 ,3010.dat
390,19,340.0,472.0, 0 1 0 0 0 1 0 0 0 1 ,3010.dat
413,19,350.0,552.0, 0 1 0 0 0 1 0 0 0 1 ,3005.dat
422,19,370.0,72.0, 0 1 0 0 0 1 0 0 0 1 ,3005.dat
428,19,370.0,224.0, 0 1 0 0 0 1 0 0 0 1 ,3005.dat
429,15,370.0,256.0, 0 1 0 0 0 1 0 0 0 1 ,3005.dat
430,19,370.0,280.0, 0 1 0 0 0 1 0 0 0 1 ,3005.dat
431,19,370.0,432.0, 0 1 0 0 0 1 0 0 0 1 ,3005.dat
444,4,390.0,40.0, 0 1 0 0 0 1 0 0 0 1 ,3005.dat
452,19,390.0,184.0, 0 1 0 0 0 1 0 0 0 1 ,3005.dat
454,19,390.0,256.0, 0 1 0 0 0 1 0 0 0 1 ,3005.dat
456,15,390.0,320.0, 0 1 0 0 0 1 0 0 0 1 ,3622.dat
457,15,390.0,352.0, 0 1 0 0 0 1 0 0 0 1 ,3622.dat
458,15,390.0,432.0, 0 1 0 0 0 1 0 0 0 1 ,3005.dat
474,15,400.0,280.0, 0 1 0 0 0 1 0 0 0 1 ,3004.dat
483,30,410.0,96.0, 0 1 0 0 0 1 0 0 0 1 ,3005.dat
488,19,410.0,200.0, 0 1 0 0 0 1 0 0 0 1 ,3005.dat
489,15,410.0,240.0, 0 1 0 0 0 1 0 0 0 1 ,3005.dat
499,320,410.0,592.0, 0 1 0 0 0 1 0 0 0 1 ,3005.dat
511,4,430.0,96.0, 0 1 0 0 0 1 0 0 0 1 ,3005.dat
515,4,430.0,176.0, 0 1 0 0 0 1 0 0 0 1 ,3005.dat
519,19,430.0,224.0, 0 1 0 0 0 1 0 0 0 1 ,3005.dat
545,4,440.0,592.0, 0 1 0 0 0 1 0 0 0 1 ,3004.dat
546,19,450.0,104.0, 0 1 0 0 0 1 0 0 0 1 ,3005.dat
547,30,450.0,128.0, 0 1 0 0 0 1 0 0 0 1 ,3005.dat
553,4,450.0,192.0, 0 1 0 0 0 1 0 0 0 1 ,3005.dat
558,19,450.0,272.0, 0 1 0 0 0 1 0 0 0 1 ,3622.dat
576,19,470.0,496.0, 0 1 0 0 0 1 0 0 0 1 ,3005.dat
581,15,480.0,376.0, 0 1 0 0 0 1 0 0 0 1 ,6112.dat
582,15,480.0,400.0, 0 1 0 0 0 1 0 0 0 1 ,6112.dat
589,320,490.0,600.0, 0 1 0 0 0 1 0 0 0 1 ,3622.dat
595,15,520.0,56.0, 0 1 0 0 0 1 0 0 0 1 ,3008.dat
596,15,520.0,80.0, 0 1 0 0 0 1 0 0 0 1 ,3008.dat
597,15,520.0,104.0, 0 1 0 0 0 1 0 0 0 1 ,3009.dat
598,15,520.0,128.0, 0 1 0 0 0 1 0 0 0 1 ,3009.dat
599,15,520.0,152.0, 0 1 0 0 0 1 0 0 0 1 ,3009.dat
600,15,520.0,176.0, 0 1 0 0 0 1 0 0 0 1 ,3009.dat
603,15,520.0,304.0, 0 1 0 0 0 1 0 0 0 1 ,3009.dat
606,15,520.0,352.0, 0 1 0 0 0 1 0 0 0 1 ,3008.dat
607,15,520.0,432.0, 0 1 0 0 0 1 0 0 0 1 ,3008.dat
608,15,520.0,456.0, 0 1 0 0 0 1 0 0 0 1 ,3008.dat
622,15,540.0,208.0, 0 1 0 0 0 1 0 0 0 1 ,3009.dat
623,15,540.0,232.0, 0 1 0 0 0 1 0 0 0 1 ,3009.dat
625,15,540.0,272.0, 0 1 0 0 0 1 0 0 0 1 ,3009.dat
653,15,590.0,104.0, 0 1 0 0 0 1 0 0 0 1 ,3005.dat
654,15,590.0,128.0, 0 1 0 0 0 1 0 0 0 1 ,3005.dat
655,15,590.0,152.0, 0 1 0 0 0 1 0 0 0 1 ,3005.dat
656,15,590.0,176.0, 0 1 0 0 0 1 0 0 0 1 ,3005.dat
659,15,590.0,304.0, 0 1 0 0 0 1 0 0 0 1 ,3005.dat
666,19,590.0,544.0, 0 1 0 0 0 1 0 0 0 1 ,3005.dat
